Customer_ID,Called_within_1_day,Age,Bill_amount,used_app_before,used_website_before,Income,#_of_calls_in_the_past,Avg_Sentiment_past_Calls
0.999450946,1,53,15,0,0,"$433,342 ",8,-20
0.304167986,1,77,13,0,0,"$115,520 ",9,-10
0.289050475,1,79,8,0,0,"$191,138 ",9,-16
0.458214349,1,74,13,0,0,"$143,331 ",15,-16
0.589856164,1,58,13,0,0,"$259,107 ",4,-12
0.165759837,1,53,3,0,0,"$354,751 ",15,-7
0.564067376,1,68,4,0,0,"$238,237 ",1,-7
0.418780879,1,64,7,0,0,"$268,297 ",8,-11
0.577320129,1,78,1,0,0,"$418,080 ",13,-7
0.106535499,1,77,18,0,0,"$270,797 ",17,-14
0.956479807,1,68,15,0,0,"$275,404 ",12,-9
0.190214808,1,59,14,0,0,"$341,139 ",3,-14
0.606508336,1,71,17,0,0,"$443,032 ",19,-16
0.36303722,1,76,6,0,0,"$450,426 ",16,-11
0.048970483,1,52,10,0,0,"$194,978 ",2,-13
0.533575878,1,55,7,0,0,"$264,492 ",2,-20
0.080638703,1,56,20,0,0,"$407,956 ",17,-11
0.622229246,1,76,13,0,0,"$234,749 ",10,-14
0.062993812,1,75,11,0,0,"$176,395 ",4,-20
0.272950535,1,71,2,0,0,"$381,433 ",16,-17
0.040332497,1,54,8,0,0,"$406,828 ",10,-18
0.869502925,1,67,6,0,0,"$255,123 ",3,-18
0.139290778,1,58,2,0,0,"$282,857 ",19,-7
0.815029469,1,54,17,0,0,"$191,029 ",19,-13
0.807463893,1,57,10,0,0,"$277,198 ",8,-9
0.98125606,1,75,19,0,0,"$226,035 ",3,-15
0.217679877,1,51,20,0,0,"$287,713 ",7,-8
0.262674025,1,78,11,0,0,"$462,202 ",12,-19
0.117847735,1,67,2,0,0,"$353,090 ",2,-15
0.409006224,1,75,19,0,0,"$121,788 ",5,-10
0.987260732,1,79,15,0,0,"$221,772 ",4,-19
0.11637714,1,68,15,0,0,"$346,754 ",11,-15
0.781298612,1,54,12,0,0,"$237,145 ",1,-11
0.515907885,1,67,11,0,0,"$161,160 ",15,-19
0.895705835,1,72,7,0,0,"$159,124 ",17,-10
0.792417775,1,77,7,0,0,"$109,258 ",18,-9
0.10484846,1,77,6,0,0,"$107,087 ",4,-13
0.539185478,1,80,15,0,0,"$288,396 ",11,-9
0.482033192,1,61,19,0,0,"$446,147 ",13,-9
0.443232583,1,77,11,0,0,"$338,261 ",1,-10
0.282030635,1,69,17,0,0,"$292,099 ",10,-12
0.393527908,1,55,19,0,0,"$127,113 ",5,-8
0.32310004,1,74,11,0,0,"$486,429 ",14,-16
0.846597813,1,59,9,0,0,"$334,509 ",16,-16
0.57036591,1,80,10,0,0,"$320,517 ",17,-19
0.203077,1,61,15,0,0,"$468,419 ",14,-16
0.708972304,1,74,12,0,0,"$348,304 ",10,-20
0.79092617,1,63,4,0,0,"$220,793 ",15,-16
0.502911705,1,67,7,0,0,"$305,954 ",8,-17
0.687238727,1,61,2,0,0,"$393,816 ",14,-7
0.589286213,1,71,15,0,0,"$236,164 ",1,-7
0.700435772,1,60,11,0,0,"$116,514 ",16,-19
0.043542184,1,69,1,0,0,"$409,561 ",5,-20
0.900443334,1,59,12,0,0,"$414,329 ",16,-9
0.905536627,1,55,20,0,0,"$106,779 ",10,-17
0.480951123,1,52,6,0,0,"$127,807 ",5,-20
0.649694194,1,74,17,0,0,"$250,185 ",11,-12
0.363217769,1,68,19,0,0,"$148,124 ",14,-11
0.15893079,1,58,3,0,0,"$159,890 ",15,-20
0.184247888,1,71,15,0,0,"$230,719 ",3,-7
0.925001098,1,74,5,0,0,"$448,593 ",1,-9
0.639452483,1,66,11,0,0,"$184,950 ",3,-19
0.286138065,1,70,17,0,0,"$452,313 ",18,-8
0.134648052,1,57,1,0,0,"$395,213 ",7,-11
0.650902257,1,59,1,0,0,"$448,319 ",15,-9
0.130672733,1,64,1,0,0,"$179,022 ",11,-19
0.114271376,1,66,3,0,0,"$337,153 ",5,-9
0.279688211,1,75,4,0,0,"$396,582 ",20,-13
0.986180331,1,74,12,0,0,"$202,621 ",12,-20
0.398621789,1,56,7,0,0,"$366,820 ",18,-19
0.116144796,1,68,17,0,0,"$188,522 ",12,-19
0.018533004,1,58,2,0,0,"$358,744 ",4,-12
0.549702519,1,63,14,0,0,"$370,242 ",14,-13
0.407573183,1,59,9,0,0,"$466,133 ",17,-11
0.988648242,1,53,12,0,0,"$455,031 ",10,-12
0.263208094,1,60,9,0,0,"$457,349 ",3,-19
0.599336842,1,78,20,0,0,"$377,931 ",1,-14
0.016372364,1,68,6,0,0,"$161,656 ",4,-9
0.460030759,1,57,18,0,0,"$203,190 ",19,-7
0.797944626,1,79,17,0,0,"$438,312 ",19,-12
0.002517637,1,63,20,0,0,"$103,963 ",7,-20
0.886706323,1,59,14,0,0,"$236,408 ",13,-20
0.883541517,1,56,15,0,0,"$321,518 ",15,-12
0.799041297,1,78,20,0,0,"$250,489 ",20,-18
0.281761457,1,61,10,0,0,"$331,085 ",13,-15
0.931446548,1,77,2,0,0,"$360,165 ",7,-12
0.160607291,1,55,20,0,0,"$147,401 ",16,-11
0.843077164,1,56,1,0,0,"$281,186 ",5,-17
0.858268517,1,54,16,0,0,"$296,927 ",14,-12
0.187054686,1,67,2,0,0,"$282,403 ",12,-9
0.680210026,1,76,9,0,0,"$125,635 ",15,-18
0.896044484,1,58,3,0,0,"$215,251 ",15,-7
0.33924137,1,60,2,0,0,"$159,630 ",6,-9
0.876682783,1,50,6,0,0,"$354,245 ",2,-11
0.829038223,1,63,4,0,0,"$367,177 ",18,-8
0.032683559,1,76,10,0,0,"$257,714 ",1,-9
0.640416661,1,60,18,0,0,"$126,264 ",19,-14
0.218538222,1,64,2,0,0,"$123,379 ",16,-18
0.080168038,1,73,5,0,0,"$217,422 ",17,-10
0.226985592,1,52,1,0,1,"$114,372 ",7,-10
0.634397498,1,77,13,0,1,"$208,109 ",15,-10
0.573488892,1,74,17,0,1,"$156,402 ",20,-19
0.783451853,1,73,16,0,1,"$146,508 ",16,-14
0.724144611,1,74,12,0,1,"$238,597 ",5,-15
0.511051899,1,56,17,0,1,"$354,293 ",18,-10
0.059432047,1,55,13,0,1,"$377,944 ",1,-18
0.885924954,1,73,20,0,1,"$199,330 ",19,-12
0.690080242,1,75,8,0,1,"$141,503 ",1,-10
0.728406931,1,51,14,0,1,"$480,805 ",20,-15
0.083746404,1,58,3,0,1,"$108,388 ",9,-17
0.920662703,1,60,8,0,1,"$452,843 ",11,-14
0.024077255,1,80,7,0,1,"$274,356 ",4,-11
0.60095761,1,61,9,0,1,"$137,142 ",15,-8
0.451757619,1,63,16,0,1,"$140,654 ",14,-18
0.070307133,1,77,19,0,1,"$121,923 ",16,-15
0.27895031,1,50,20,0,1,"$469,756 ",9,-10
0.023783591,1,69,4,0,1,"$478,188 ",4,-13
0.988429343,1,61,10,0,1,"$378,145 ",5,-18
0.139449572,1,52,11,0,1,"$156,674 ",19,-13
0.895042854,1,60,20,0,1,"$211,442 ",9,-12
0.511716533,1,73,4,0,1,"$225,463 ",19,-18
0.02533126,1,74,8,0,1,"$147,301 ",19,-7
0.420091291,1,72,17,0,1,"$308,122 ",1,-7
0.264908312,1,73,11,0,1,"$218,531 ",12,-7
0.982067465,1,62,17,0,1,"$447,618 ",3,-18
0.222694107,1,54,18,0,1,"$435,617 ",5,-8
0.107482141,1,50,10,0,1,"$298,092 ",2,-9
0.412093732,1,74,17,0,1,"$112,915 ",4,-13
0.252522151,1,54,2,0,1,"$266,350 ",13,-18
0.331009571,1,68,16,0,1,"$398,260 ",5,-11
0.118149456,1,68,18,0,1,"$165,191 ",8,-9
0.901873091,1,67,3,0,1,"$220,274 ",8,5
0.730856804,1,71,12,0,1,"$235,978 ",3,7
0.414665504,1,53,1,0,1,"$389,079 ",4,8
0.364287324,1,70,1,0,1,"$418,937 ",20,8
0.771936691,1,60,12,0,1,"$335,458 ",20,5
0.903550436,1,50,11,0,1,"$393,378 ",14,6
0.932361494,1,74,12,0,1,"$404,497 ",3,10
0.418822715,1,61,20,0,1,"$365,161 ",5,8
0.640217498,1,69,16,0,1,"$254,968 ",3,5
0.985351884,1,54,10000000,0,1,"$327,399 ",4,10
0.984145001,1,52,16,0,1,"$375,429 ",14,8
0.096564767,1,57,14,0,1,"$110,529 ",4,6
0.860214741,1,56,3,0,1,"$294,875 ",14,10
0.500264672,1,75,8,0,1,"$128,685 ",18,9
0.339413604,1,75,13,0,1,"$466,562 ",7,5
0.208994682,1,71,1,0,1,"$120,538 ",10,8
0.625605606,1,62,3,0,1,"$398,948 ",5,10
0.951358062,1,69,14,0,1,"$492,589 ",20,8
0.555893725,1,73,8,0,1,"$192,416 ",10,10
0.304041238,1,71,7,0,1,"$150,615 ",11,9
0.868832721,1,54,12,0,1,"$223,514 ",16,8
0.77969339,1,78,19,0,1,"$202,607 ",17,9
0.615149034,1,79,18,0,1,"$231,155 ",17,7
0.381633616,1,66,15,0,1,"$361,795 ",5,7
0.990185735,1,71,16,0,1,"$440,571 ",1,8
0.653593764,1,53,19,0,1,"$297,455 ",6,5
0.624023545,1,80,4,0,1,"$126,310 ",6,6
0.827895184,1,52,9,0,1,"$146,853 ",7,7
0.265760454,1,74,1,0,1,"$386,087 ",7,6
0.127633945,1,52,18,0,1,"$284,652 ",13,8
0.984493276,1,68,10,0,1,"$125,852 ",9,10
0.580187828,1,71,4,0,1,"$113,718 ",13,7
0.368507241,1,66,14,0,1,"$109,167 ",18,5
0.619885059,1,75,5,0,1,"$461,510 ",20,9
0.675625216,1,53,5,0,1,"$188,757 ",14,5
0.765645731,1,63,14,0,1,"$139,023 ",12,10
0.795308403,1,65,4,0,1,"$260,064 ",14,10
0.170747803,1,70,3,0,1,"$480,062 ",2,10
0.860123126,1,73,9,0,1,"$478,523 ",18,6
0.191069922,1,80,18,0,1,"$439,509 ",19,8
0.724148299,1,79,7,0,1,"$396,812 ",15,7
0.014110131,1,73,9,0,1,"$248,431 ",9,6
0.831016414,1,51,7,0,1,"$220,588 ",20,9
0.777090777,1,76,2,0,1,"$317,425 ",6,5
0.13346952,1,54,19,0,1,"$422,404 ",18,7
0.148902977,1,53,10,0,1,"$287,228 ",13,6
0.388273873,1,59,15,0,1,"$490,331 ",10,9
0.425486666,1,54,4,0,1,"$258,740 ",18,10
0.211099358,1,58,19,0,1,"$113,263 ",20,5
0.034324814,1,75,13,0,1,"$117,911 ",15,8
0.742878762,1,74,14,0,1,"$477,245 ",8,-5
0.474495101,1,56,15,0,1,"$419,948 ",13,-7
0.967393864,1,72,4,0,1,"$333,969 ",11,-6
0.739754484,1,70,1,0,1,"$362,859 ",12,-6
0.893603127,1,77,11,0,1,"$372,349 ",7,-10
0.188582517,1,59,17,0,1,"$215,118 ",16,-5
0.41794662,1,50,9,0,1,"$427,334 ",16,-5
0.554230639,1,68,3,0,1,"$499,528 ",5,-10
0.656505675,1,77,1,0,1,"$433,295 ",17,-8
0.20380309,1,61,8,0,1,"$362,248 ",3,-9
0.942565009,1,53,18,0,1,"$116,169 ",11,-5
0.65619561,1,76,12,0,1,"$158,207 ",2,-10
0.289169545,1,75,18,0,1,"$215,954 ",18,-5
0.717793871,1,74,2,0,1,"$318,694 ",14,-9
0.926125178,1,69,20,0,1,"$132,335 ",2,-8
0.066310816,1,66,19,0,1,"$126,218 ",8,-7
0.969291004,1,78,16,0,1,"$133,857 ",14,-7
0.636636063,1,65,4,0,1,"$351,140 ",13,-8
0.057623722,1,59,11,0,1,"$136,673 ",6,-6
0.842956745,1,53,14,0,1,"$431,699 ",16,-6
0.304892292,1,56,16,0,1,"$364,445 ",11,-8
0.106562041,1,62,19,0,1,"$450,961 ",1,-6
0.651880896,1,66,7,0,1,"$147,446 ",6,-9
0.222946364,1,80,8,0,1,"$296,559 ",15,-8
0.58493371,1,69,15,0,1,"$284,435 ",18,-9
0.69469176,1,75,19,0,1,"$271,628 ",12,-5
0.378023645,1,68,19,0,1,"$402,578 ",14,-7
0.487124158,1,76,17,0,1,"$313,041 ",16,-10
0.929275862,1,66,10,0,1,"$255,857 ",11,-5
0.057521502,1,51,18,0,1,"$288,496 ",6,-7
0.24030172,1,62,4,0,1,"$441,110 ",14,-8
0.242039095,1,58,19,0,1,"$119,916 ",20,-5
0.247655097,1,64,9,0,1,"$225,347 ",19,-9
0.915699129,1,61,18,0,1,"$141,130 ",5,-7
0.4098313,1,66,17,0,1,"$342,267 ",8,-6
0.02277793,1,55,11,0,1,"$381,367 ",17,-5
0.617468732,1,60,1,0,1,"$414,908 ",1,-7
0.456757948,1,80,16,0,1,"$129,432 ",9,-5
0.126023538,1,67,19,0,1,"$323,575 ",19,-5
0.258897137,1,59,16,0,1,"$177,310 ",2,-10
0.279375514,1,55,8,0,1,"$259,676 ",2,-9
0.252396356,1,79,17,0,1,"$172,486 ",15,-7
0.801397313,1,59,19,0,1,"$289,387 ",2,-8
0.147897823,1,70,11,0,1,"$321,562 ",10,-6
0.425993567,1,73,14,0,1,"$139,003 ",7,-8
0.062113932,1,56,2,0,1,"$423,150 ",7,-6
0.020042414,1,54,20,0,1,"$265,277 ",2,-6
0.42881953,1,77,11,0,1,"$156,104 ",1,-6
0.766573926,1,68,8,0,1,"$147,488 ",6,-10
0.902464244,1,58,4,1,1,"$346,869 ",19,-5
0.850415028,1,76,3,1,1,"$388,055 ",6,-7
0.970730399,1,58,13,1,1,"$168,958 ",14,-7
0.440801195,1,69,16,1,1,"$161,248 ",7,-8
0.179366726,1,52,18,1,1,"$381,182 ",5,-8
0.338805754,1,55,5,1,1,"$351,070 ",10,-5
0.460950057,1,51,3,1,1,"$297,665 ",7,-8
0.368508834,1,52,11,1,1,"$142,906 ",17,-9
0.797839882,1,78,16,1,1,"$245,766 ",20,-5
0.969972656,1,67,14,1,1,"$100,292 ",2,-8
0.471561594,1,65,19,1,1,"$190,482 ",7,-8
0.452985717,1,71,8,1,1,"$389,004 ",2,-7
0.689196323,1,52,15,1,1,"$245,151 ",6,-10
0.68505711,1,64,8,1,1,"$222,240 ",5,-9
0.844929771,1,79,6,1,1,"$475,095 ",17,-8
0.157346236,1,72,16,1,1,"$453,789 ",18,-10
0.987696858,1,74,1,1,1,"$314,453 ",5,-5
0.221948908,1,64,3,1,1,"$141,955 ",19,-7
0.148011429,1,63,19,1,1,"$332,198 ",17,-5
0.17154429,1,66,6,1,1,"$139,708 ",20,-6
0.590281039,0,,13,1,1,"$192,902 ",1,-7
0.71902994,0,,7,1,1,"$474,917 ",18,-6
0.992019561,0,,13,1,1,"$486,966 ",8,-9
0.606366365,0,,8,1,1,"$182,925 ",5,-10
0.11708232,0,,14,1,1,"$463,751 ",16,-10
0.068799747,0,,15,1,1,"$306,559 ",17,-5
0.928705344,0,,11,1,1,"$313,965 ",7,-9
0.464563082,0,,17,1,1,"$407,256 ",11,-10
0.92413594,0,,5,1,1,"$183,111 ",8,-7
0.650584163,0,,3,1,1,"$233,996 ",4,-7
0.73849545,0,,18,1,1,"$423,139 ",20,-5
0.81075641,0,,8,1,1,"$314,459 ",5,-7
0.860552902,0,,20,1,1,"$293,545 ",1,-7
0.369291568,0,,19,1,1,"$322,213 ",5,-5
0.194073789,0,,2,1,1,"$239,552 ",8,-5
0.968129197,0,,14,1,1,"$412,604 ",3,-7
0.581459974,0,,2,1,1,"$190,292 ",17,-7
0.883422779,0,,12,1,1,"$218,064 ",20,-10
0.445070654,0,,7,1,1,"$141,173 ",15,-10
0.484022222,0,,6,1,1,"$372,412 ",19,-9
0.446036941,0,,4,1,1,"$435,974 ",19,-8
0.579084221,0,,12,1,1,"$279,371 ",19,-7
0.37195686,0,24,6,1,1,"$256,700 ",4,-9
0.714010515,0,17,14,1,1,"$416,574 ",11,-8
0.977764034,0,23,20,1,1,"$323,108 ",20,3
0.101198455,0,29,11,1,1,"$325,025 ",6,1
0.089521968,0,30,5,1,1,"$340,708 ",5,3
0.300868192,0,28,5,1,1,"$379,857 ",19,1
0.560174118,0,23,17,1,1,"$171,278 ",8,1
0.143542268,0,20,16,1,1,"$319,347 ",9,1
0.954414298,0,19,5,1,1,"$404,912 ",3,5
0.867011862,0,20,5,1,1,"$237,918 ",2,2
0.42663834,0,22,12,1,1,"$207,423 ",3,4
0.776001152,0,22,4,1,1,"$338,706 ",3,5
0.592200779,0,25,1,1,1,"$486,638 ",14,4
0.425044614,0,25,6,1,1,"$347,862 ",11,3
0.058291943,0,23,10,1,1,"$372,204 ",18,1
0.40961908,0,19,9,1,1,"$205,968 ",7,1
0.444159368,0,16,5,1,1,"$300,534 ",10,3
0.769732204,0,16,7,1,1,"$158,026 ",7,1
0.608009223,0,21,4,1,1,"$282,681 ",16,5
0.793059581,0,20,3,1,1,"$461,870 ",12,5
0.052741202,0,17,6,1,1,"$154,335 ",7,3
0.216100512,0,28,5,1,1,"$365,010 ",3,3
0.003062921,0,24,15,1,1,"$481,275 ",9,4
0.588467196,0,18,7,1,1,"$153,892 ",19,3
0.264959939,0,25,15,1,1,"$267,521 ",4,4
0.955695076,0,25,17,1,1,"$173,699 ",17,1
0.806880108,0,23,15,1,1,"$397,872 ",13,5
0.579699152,0,18,11,1,1,"$477,584 ",13,5
0.51952467,0,24,14,1,1,"$238,157 ",18,4
0.611917942,0,17,11,1,1,"$417,420 ",17,2
0.281706592,0,30,3,1,1,"$274,792 ",10,5
0.613238973,0,16,6,1,1,"$265,604 ",18,2
0.282639214,0,18,19,1,1,"$214,389 ",10,5
0.129202026,0,17,16,1,1,"$390,691 ",20,5
0.378440086,0,20,13,1,1,"$353,884 ",11,2
0.095284496,0,19,18,1,1,"$257,906 ",11,5
0.472006522,0,24,20,1,1,"$219,331 ",15,3
0.411497087,0,15,9,1,1,"$161,968 ",19,1
0.295614212,0,27,1,1,1,"$234,424 ",7,5
0.712877508,0,24,19,1,1,"$267,434 ",15,4
0.231553436,0,21,7,1,1,"$349,571 ",11,4
0.249581322,0,19,8,1,1,"$474,146 ",7,3
0.370422778,0,16,20,1,1,"$407,309 ",4,1
0.692370344,0,29,19,1,1,"$273,392 ",14,5
0.377245449,0,17,7,1,1,"$263,752 ",13,3
0.650121345,0,27,5,1,1,"$108,608 ",12,4
0.737948411,0,26,15,1,1,"$311,915 ",13,4
0.89796994,0,27,11,1,1,"$274,264 ",18,1
0.761203435,0,25,7,1,1,"$312,257 ",12,2
0.851982377,0,15,13,1,1,"$221,302 ",7,4
0.969269919,0,26,4,1,1,"$238,045 ",19,4
0.411288123,0,20,7,1,1,"$300,852 ",13,4
0.06885086,0,17,19,1,1,"$455,411 ",16,1
0.065881527,0,20,1,1,1,"$371,938 ",20,1
0.615441043,0,19,10,1,1,"$183,324 ",15,2
0.485120488,0,30,20,1,1,"$282,382 ",18,3
0.168029718,0,15,20,1,1,"$139,175 ",12,4
0.511191418,0,27,20,1,1,"$376,704 ",5,3
0.939017444,0,23,3,1,1,"$188,940 ",11,3
0.435316307,0,29,5,1,1,"$234,572 ",8,4
0.532402892,0,22,18,1,1,"$426,036 ",18,4
0.460132216,0,30,3,1,1,"$111,382 ",19,5
0.455269737,0,28,1,1,1,"$394,454 ",8,2
0.227247006,0,24,8,1,1,"$284,293 ",8,1
0.081966414,0,30,17,1,1,"$148,145 ",18,3
0.069140071,0,22,20,1,1,"$265,542 ",18,2
0.443335162,0,26,4,1,1,"$101,785 ",17,4
0.682847986,0,24,20,1,1,"$244,497 ",6,4
0.496641448,0,20,18,1,1,"$307,488 ",13,3
0.205823626,0,25,10,1,1,"$366,372 ",17,4
0.062308336,0,25,3,1,1,"$193,220 ",13,3
0.686975355,0,29,15,1,1,"$474,496 ",8,3
0.723995312,0,25,17,1,1,"$186,521 ",18,3
0.840463726,0,17,2,1,1,"$344,686 ",1,2
0.614574163,0,18,11,1,1,"$129,489 ",17,5
0.806335923,0,28,18,1,1,"$474,774 ",3,1
0.096868255,0,20,17,1,1,"$217,967 ",11,4
0.351730014,0,15,9,1,1,"$465,579 ",4,2
0.68997329,0,27,11,1,1,"$190,817 ",1,4
0.797899155,0,17,11,1,1,"$396,363 ",10,2
0.619551327,0,21,5,1,1,"$497,524 ",7,1
0.873207634,0,30,11,1,1,"$352,987 ",20,2
0.070599053,0,22,10,1,1,"$370,333 ",8,4
0.19980669,0,26,7,1,1,"$206,583 ",18,4
0.306146817,0,30,17,1,1,"$310,079 ",10,2
0.98825186,0,26,16,1,1,"$476,758 ",6,4
0.774083509,0,18,15,1,1,"$273,188 ",12,5
0.625400937,0,21,14,1,1,"$471,211 ",14,4
0.264483189,0,19,14,1,1,"$486,362 ",20,4
0.38824689,0,22,3,1,1,"$201,792 ",5,3
0.769621867,0,20,9,1,1,"$385,730 ",7,2
0.937983512,0,17,3,1,1,"$155,652 ",15,5
0.077453872,0,16,12,1,1,"$382,549 ",11,3
0.538647152,0,26,12,1,1,"$130,663 ",1,5
0.650454856,0,18,19,1,1,"$199,499 ",2,4
0.818999085,0,27,8,1,1,"$149,070 ",2,4
0.925981329,0,29,19,1,1,"$287,076 ",8,8
0.333721194,0,15,14,1,1,"$130,187 ",14,4
0.770487235,0,24,18,1,1,"$417,035 ",1,1
0.590384755,0,20,20,1,1,"$481,843 ",19,7
0.664301806,0,21,13,1,1,"$118,042 ",12,10
0.194389612,0,26,20,1,1,"$236,896 ",11,10
0.090895732,0,28,11,1,1,"$368,512 ",9,1
0.389155973,0,19,5,1,1,"$470,459 ",17,4
0.918102261,0,24,7,1,1,"$458,652 ",7,8
0.260199304,0,30,5,1,1,"$281,047 ",9,2
0.563996888,0,20,4,1,1,"$121,865 ",4,6
0.824915115,0,27,12,1,1,"$452,502 ",19,10
0.629395039,0,15,11,1,1,"$279,159 ",17,2
0.597396979,0,30,15,1,1,"$199,871 ",9,4
0.50756641,0,20,3,1,1,"$105,312 ",12,3
0.009456317,0,20,8,1,1,"$351,286 ",9,2
0.044376549,0,19,17,1,1,"$281,810 ",16,6
0.748431656,0,30,16,1,1,"$478,238 ",11,7
0.207586511,0,23,17,1,1,"$363,274 ",1,7
0.288371169,0,18,11,1,1,"$423,265 ",20,2
0.404145814,0,26,15,1,1,"$126,203 ",4,3
0.733289355,0,29,3,1,1,"$455,596 ",13,1
0.968042639,0,16,2,1,1,"$218,569 ",4,4
0.363461292,0,15,14,1,1,"$273,000 ",12,2
0.778552921,0,28,8,1,1,"$294,096 ",9,8
0.051997734,0,28,4,1,1,"$231,989 ",14,10
0.13422446,0,15,13,1,1,"$272,378 ",20,4
0.942195131,0,29,20,1,1,"$294,303 ",12,8
0.113552639,0,18,6,1,1,"$386,673 ",18,6
0.156659064,0,25,6,1,1,"$160,037 ",5,2
0.60557287,0,19,4,1,1,"$431,800 ",4,7
0.789475701,0,25,16,1,1,"$478,961 ",16,10
0.696665737,0,29,17,1,1,"$189,886 ",15,6
0.775503064,0,15,14,1,1,"$451,466 ",8,8
0.708627878,0,17,12,1,1,"$334,822 ",3,2
0.771795797,0,23,9,1,1,"$308,561 ",17,4
0.265319179,0,25,14,1,1,"$331,532 ",18,4
0.188427134,0,20,19,1,1,"$406,084 ",18,1
0.841610216,0,21,15,1,1,"$289,049 ",7,10
0.307577311,0,22,4,1,1,"$221,749 ",6,10
0.408960329,0,23,3,1,1,"$316,978 ",1,2
0.962373638,0,15,1,1,1,"$486,811 ",8,2
0.179720676,0,24,6,1,1,"$480,615 ",9,5
0.86144096,0,16,18,1,1,"$240,057 ",7,2
0.6867956,0,30,10,1,1,"$226,801 ",2,2
0.837284241,0,21,13,1,1,"$311,208 ",5,8
0.598646718,0,24,2,1,1,"$244,018 ",13,7
0.370896974,0,26,6,1,1,"$171,200 ",10,7
0.377618893,0,25,8,1,1,"$156,475 ",9,5
0.239140421,0,26,10,1,1,"$453,825 ",12,7
0.130893246,0,16,16,1,1,"$486,078 ",11,3
0.450304886,0,16,5,1,1,"$419,874 ",20,7
0.028903255,0,27,4,1,1,"$316,202 ",10,8
0.360204486,0,24,1,1,1,"$100,913 ",10,10
0.573470725,0,27,7,1,1,"$377,651 ",8,5
0.554591178,0,19,2,1,1,"$308,875 ",1,5
0.365758237,0,27,9,1,1,"$135,946 ",14,9
0.618804953,0,29,3,1,1,"$243,746 ",17,3
0.74970088,0,26,20,1,1,"$444,415 ",14,6
0.89464998,0,25,20,1,1,"$306,631 ",3,10
0.601235793,0,21,7,1,1,"$384,513 ",14,7
0.941319471,0,19,12,1,1,"$134,891 ",16,6
0.193883217,0,20,11,1,1,"$343,693 ",14,2
0.943089368,0,18,5,1,1,"$455,678 ",12,1
0.808023288,0,30,9,1,1,"$395,410 ",20,10
0.392117001,0,26,16,1,1,"$353,406 ",15,10
0.226570532,0,30,14,1,1,"$143,798 ",3,10
0.440223087,0,28,2,1,1,"$442,107 ",2,7
0.862426976,0,16,12,1,1,"$454,689 ",18,2
0.195378178,0,25,12,1,1,"$148,667 ",17,3
0.265503467,0,27,16,1,1,"$470,976 ",8,5
0.199605842,0,27,18,1,1,"$468,993 ",3,7
0.133323533,0,21,1,1,1,"$499,298 ",15,4
0.947334802,0,26,11,1,1,"$157,913 ",6,4
0.251343262,0,28,6,1,1,"$146,145 ",16,7
0.881454934,0,26,20,1,1,"$247,049 ",16,3
0.539342291,0,28,5,1,1,"$324,672 ",6,4
0.605072473,0,16,6,1,1,"$195,069 ",2,7
0.112613754,0,25,5,1,1,"$407,070 ",11,6
0.071771346,0,16,17,1,1,"$349,997 ",20,1
0.833610446,0,20,20,1,1,"$216,251 ",17,5
0.294329567,0,27,12,1,1,"$314,212 ",14,8
0.508836073,0,15,13,1,1,"$441,625 ",19,9
0.358307841,0,15,17,1,1,"$331,914 ",5,6
0.77100472,0,19,8,1,1,"$256,257 ",5,5
0.901701598,0,25,3,1,1,"$136,868 ",2,8
0.360381675,0,22,2,1,1,"$477,904 ",4,2
0.366914967,0,24,13,1,1,"$216,641 ",17,2
0.396429382,0,20,4,1,1,"$280,811 ",12,3
0.650363694,0,16,18,1,1,"$234,083 ",8,5
0.832610966,0,21,20,1,1,"$281,744 ",18,1
0.714071324,0,17,1,1,1,"$411,005 ",7,6
0.841224846,0,21,19,1,1,"$102,323 ",15,7
0.539711102,0,27,15,1,1,"$381,405 ",10,4
0.809604154,0,15,15,1,1,"$155,192 ",18,6
0.475986999,0,20,5,1,1,"$281,612 ",12,1
0.050856968,0,22,3,1,1,"$108,435 ",14,4
0.771734004,0,25,13,1,1,"$209,327 ",20,2
0.264189294,0,21,16,1,1,"$239,359 ",10,8
0.118291268,0,25,12,1,1,"$349,299 ",4,2
0.828794498,0,20,11,1,1,"$370,606 ",14,3
0.005590764,0,25,20,1,1,"$209,792 ",16,2
0.046928888,0,28,14,1,1,"$374,787 ",14,3
0.88794317,0,23,18,1,1,"$323,553 ",4,3
0.675909797,0,26,9,1,1,"$141,851 ",11,2
0.067673798,0,22,8,1,1,"$417,773 ",11,4
0.279502095,0,18,1,1,1,"$421,490 ",7,8
0.371726974,0,16,5,1,1,"$455,967 ",10,1
0.710857566,0,26,18,1,1,"$182,189 ",20,9
0.847568322,0,28,11,1,1,"$471,422 ",4,7
0.757261802,0,30,1,1,1,"$402,161 ",10,4
0.847301232,0,19,4,1,1,"$404,306 ",11,4
0.640876125,0,24,16,1,1,"$190,249 ",20,6
0.205216966,0,30,17,1,1,"$420,833 ",2,10
0.935725104,0,25,3,1,1,"$131,198 ",19,5
0.015025188,0,16,7,1,1,"$292,889 ",0,
0.352146554,0,25,1,1,1,"$265,166 ",0,
0.822235294,0,28,14,1,1,"$301,279 ",0,
0.866219417,0,29,18,1,1,"$382,912 ",0,
0.627999915,0,18,11,1,1,"$290,730 ",0,
0.650424268,0,16,5,1,1,"$340,940 ",0,
0.296009825,0,29,15,1,1,"$249,059 ",0,
0.172891973,0,25,20,1,1,"$367,889 ",0,
0.033105292,0,26,5,1,1,"$437,601 ",0,
0.803458625,0,22,18,1,1,"$370,454 ",0,
0.117803721,0,16,8,1,1,"$492,638 ",0,
0.637780345,0,18,9,1,1,"$232,923 ",0,
0.67759294,0,24,20,1,1,"$251,642 ",0,
0.863888234,0,29,7,1,1,"$408,252 ",0,
0.295838791,0,20,15,1,1,"$465,187 ",0,
0.760381669,0,18,10,1,1,"$300,921 ",0,
0.799560114,0,24,7,1,1,"$324,959 ",0,
0.783110179,0,26,10,1,1,"$494,954 ",0,
0.856006798,0,15,10,1,1,"$338,886 ",0,
0.841350789,0,17,13,1,1,"$156,443 ",0,
0.558397262,0,20,14,1,1,"$401,860 ",0,
0.568766496,0,18,8,1,1,"$266,747 ",0,
0.137430485,0,23,11,1,1,"$453,351 ",0,
0.156665419,0,16,4,1,1,"$338,766 ",0,
0.630865975,0,29,4,1,1,"$456,149 ",0,
0.176252182,0,27,3,1,1,"$395,233 ",0,
0.680074915,0,27,10,1,1,"$304,537 ",0,
0.508033329,0,26,13,1,1,"$479,599 ",0,
0.738855597,0,22,5,1,1,"$336,491 ",0,
0.0302823,0,18,12,1,1,"$368,535 ",0,
0.658733436,0,24,10,1,1,"$164,779 ",0,
0.680969338,0,18,18,1,1,"$493,433 ",0,
0.526747214,0,19,9,1,1,"$358,691 ",0,
0.658876232,0,26,5,1,1,"$492,665 ",0,
0.629852085,0,24,14,1,1,"$418,930 ",0,
0.413493187,0,28,16,1,1,"$244,971 ",0,
0.459514456,0,25,5,1,1,"$376,251 ",0,
0.246329369,0,21,19,1,1,"$400,322 ",0,
0.856327019,0,24,13,1,1,"$498,262 ",0,
0.219630193,0,29,12,1,1,"$214,319 ",0,
0.267274842,0,18,14,1,1,"$165,258 ",0,
0.369824448,0,28,3,1,1,"$126,887 ",0,
0.877053427,0,23,15,1,1,"$154,726 ",0,
0.831712115,0,29,12,1,1,"$211,633 ",0,
0.929967759,0,23,11,1,1,"$486,065 ",0,
0.745884872,0,17,13,1,1,"$185,099 ",0,
0.31564952,0,21,14,1,1,"$304,138 ",0,
0.942173051,0,23,15,1,1,"$468,359 ",0,
0.997713693,0,28,14,1,1,"$207,349 ",0,
0.69796286,0,21,5,1,1,"$261,666 ",0,
0.35085663,0,30,16,1,1,"$240,864 ",0,
0.594792966,0,25,2,1,1,"$337,920 ",0,
0.259562592,0,18,8,1,1,"$293,698 ",0,
0.123450721,0,30,19,1,1,"$272,783 ",0,
0.818161897,0,18,5,1,1,"$313,080 ",0,
0.130803615,0,24,7,1,1,"$303,090 ",0,
0.814221282,0,30,2,1,1,"$170,223 ",0,
0.408029569,0,30,7,1,1,"$337,346 ",0,
0.666100775,0,22,2,1,1,"$105,175 ",0,
0.040996152,0,22,16,1,1,"$476,693 ",0,
0.155055756,0,26,5,1,1,"$219,807 ",0,
0.558509227,0,15,16,1,1,"$202,243 ",0,
0.22675513,0,22,20,1,1,"$486,926 ",0,
0.450672101,0,24,6,1,1,"$144,128 ",0,
0.420053564,0,20,5,1,1,"$477,988 ",0,
0.139095088,0,25,3,1,1,"$106,334 ",0,
0.167460003,0,24,2,1,1,"$303,287 ",0,
0.663496537,0,28,15,1,1,"$118,155 ",0,
0.877542102,0,23,17,1,1,"$491,548 ",0,
0.878537994,0,21,12,1,1,"$456,549 ",0,
0.410108271,0,29,11,1,1,"$152,500 ",0,
0.060145284,0,17,2,1,1,"$391,580 ",0,
0.307339528,0,29,3,1,1,"$345,044 ",0,
0.551758422,0,19,8,1,1,"$481,395 ",0,
0.836887202,0,18,1,1,1,"$220,481 ",0,
0.85159031,0,21,14,1,1,"$403,760 ",0,
0.14590306,0,28,12,1,1,"$381,293 ",0,
0.50127471,0,15,10,1,1,"$417,549 ",0,
0.161422243,0,23,12,1,1,"$344,769 ",0,
0.106826154,0,28,11,1,1,"$111,691 ",0,
0.166663056,0,17,12,1,1,"$445,298 ",0,
0.519717729,0,20,7,1,1,"$155,726 ",0,
0.825665905,0,24,17,1,1,"$385,405 ",0,
0.773682571,0,24,12,1,1,"$298,230 ",0,
0.250668678,0,20,19,1,1,"$474,053 ",0,
0.155828906,0,21,15,1,1,"$395,512 ",0,
0.357214828,0,23,10,1,1,"$447,506 ",0,
0.99240642,0,26,20,1,1,"$133,992 ",0,
0.412745745,0,27,8,1,1,"$207,957 ",0,
0.432279628,0,23,13,1,1,"$323,686 ",0,
0.908432877,0,16,15,1,1,"$179,715 ",0,
0.321520474,0,22,4,1,1,"$362,313 ",0,
0.670882987,0,24,9,1,1,"$222,923 ",0,
0.371337367,0,17,2,1,1,"$172,880 ",0,
0.661310313,0,24,8,1,1,"$331,445 ",0,
0.378048725,0,25,16,1,1,"$354,783 ",0,
0.828602204,0,26,16,1,1,"$389,050 ",0,
0.404147415,0,22,1,1,1,"$269,375 ",0,
0.404881507,0,24,17,1,1,"$194,978 ",0,
0.387351526,0,16,17,1,1,"$299,622 ",0,
0.980799967,0,28,20,1,1,"$134,324 ",0,
0.388685349,0,30,16,1,1,"$403,722 ",0,
0.146058813,0,30,13,1,1,"$429,010 ",0,
0.189711096,0,21,12,1,1,"$254,665 ",0,
0.149983255,0,23,15,1,1,"$111,358 ",0,
0.931630988,0,22,20,1,1,"$299,437 ",0,
0.626135065,0,16,17,1,1,"$286,839 ",0,
0.955632542,0,20,1,1,1,"$464,054 ",0,
0.353341963,0,19,15,1,1,"$249,748 ",0,
0.252155358,0,17,13,1,1,"$440,927 ",0,
0.048770669,0,27,8,1,1,"$417,398 ",0,
0.178517425,0,27,12,1,1,"$241,058 ",0,
0.856312114,0,18,8,1,1,"$450,625 ",0,
0.908823225,0,21,1,1,1,"$347,709 ",0,
0.26551428,0,16,10,1,1,"$283,417 ",0,
0.311049768,0,23,15,1,1,"$156,436 ",0,
0.675109582,0,15,11,1,1,"$258,460 ",0,
0.571728419,0,17,19,1,1,"$413,662 ",0,
0.729392843,0,15,1,1,1,"$412,898 ",0,
0.973084712,0,25,12,1,1,"$311,762 ",0,
0.273034285,0,17,9,1,1,"$342,244 ",0,
0.630826168,0,29,7,1,1,"$176,629 ",0,
0.335385259,0,28,8,1,1,"$196,803 ",0,
0.599306591,0,29,1,1,1,"$426,999 ",0,
0.102282455,0,19,7,1,1,"$377,473 ",0,
0.243029817,0,26,12,1,1,"$344,417 ",0,
0.945740125,0,27,18,1,1,"$407,270 ",0,
0.357283729,0,19,1,1,1,"$305,342 ",0,
0.447839513,0,25,8,1,1,"$184,008 ",0,
0.21183848,0,30,2,1,1,"$194,545 ",0,
0.753008859,0,19,18,1,1,"$150,979 ",0,
0.172568119,0,17,9,1,1,"$414,114 ",0,
0.804397075,0,21,5,1,1,"$116,276 ",0,
0.640338056,0,30,20,1,1,"$176,664 ",0,
0.120946291,0,24,11,1,1,"$162,520 ",0,
0.779827649,0,20,3,1,1,"$413,096 ",0,
0.458777401,0,17,10,1,1,"$269,269 ",0,
0.859031251,0,22,9,1,1,"$412,782 ",0,
0.065587234,0,19,4,1,1,"$336,824 ",0,
0.988475253,0,17,14,1,1,"$351,925 ",0,
0.15804212,0,23,16,1,1,"$392,944 ",0,
0.910730224,0,23,19,1,1,"$298,373 ",0,
0.557685422,0,21,5,1,1,"$435,798 ",0,
0.82582954,0,22,11,1,1,"$388,849 ",0,
0.253640005,0,26,5,1,1,"$269,343 ",0,
0.609638413,0,16,18,1,1,"$369,060 ",0,
0.7652872,0,27,11,1,1,"$331,815 ",0,
0.302672409,0,30,18,1,1,"$234,798 ",0,
0.206050866,0,25,6,1,1,"$273,224 ",0,
0.425319493,0,30,17,1,1,"$158,315 ",0,
0.489835469,0,25,6,1,1,"$141,543 ",0,
0.1123909,0,23,18,1,1,"$413,111 ",0,
0.457870789,0,28,16,1,1,"$362,467 ",0,
0.562682694,0,26,12,1,1,"$428,452 ",0,
0.202798722,0,18,20,1,1,"$376,250 ",0,
0.098948545,0,18,10,1,1,"$457,347 ",0,
0.564339519,0,24,2,1,1,"$250,794 ",0,
0.326217824,0,19,10,1,1,"$366,606 ",0,
0.040786145,0,22,5,1,1,"$111,778 ",0,
0.491147163,0,15,20,1,1,"$263,071 ",0,
0.045274535,0,28,17,1,1,"$272,441 ",0,
0.653636708,0,23,4,1,1,"$343,279 ",0,
0.483109183,0,24,4,1,1,"$205,608 ",0,
0.164169672,0,26,19,1,1,"$411,311 ",0,
0.02746389,0,17,17,1,1,"$290,979 ",0,
0.361473793,0,17,18,1,1,"$218,339 ",0,
0.785283102,0,26,20,1,1,"$329,488 ",0,
0.050145148,0,26,1,1,1,"$148,888 ",0,
0.27202421,0,18,19,1,1,"$152,823 ",0,
0.940679949,0,30,1,1,1,"$433,317 ",0,
0.941391432,0,21,18,1,1,"$275,380 ",0,
0.903430814,0,29,12,1,1,"$170,408 ",0,
0.387260463,0,28,10,1,1,"$153,273 ",0,
0.15724064,0,23,6,1,1,"$338,493 ",0,
0.781274799,0,17,4,1,1,"$285,041 ",0,
0.606173936,0,22,5,1,1,"$192,227 ",0,
0.665246276,0,30,11,1,1,"$451,784 ",0,
0.345457675,0,22,20,1,1,"$137,098 ",0,
0.040669611,0,18,16,1,1,"$127,779 ",0,
0.478898153,0,24,1,1,1,"$158,501 ",0,
0.556651419,0,20,1,1,1,"$197,195 ",0,
0.447611152,0,15,15,1,1,"$367,778 ",0,
0.627265829,0,26,10,1,1,"$412,129 ",0,
0.684470504,0,20,19,1,1,"$384,976 ",0,
0.128773239,0,24,10,1,1,"$123,120 ",0,
0.219284849,0,30,14,1,1,"$402,350 ",0,
0.841785439,0,15,14,1,1,"$415,945 ",0,
0.193756596,0,19,6,1,1,"$285,403 ",0,
0.539701038,0,16,16,1,1,"$120,253 ",0,
0.192378084,0,27,13,1,1,"$197,505 ",0,
0.909316054,0,20,4,1,1,"$259,709 ",0,
0.261673853,0,19,16,1,1,"$306,563 ",0,
0.155122966,0,19,1,1,1,"$112,505 ",0,
0.045567466,0,24,1,1,1,"$280,965 ",0,
0.078004955,0,19,9,1,1,"$324,685 ",0,
0.967281471,0,28,18,1,1,"$324,929 ",0,
0.627246699,0,27,7,1,1,"$251,327 ",0,
0.212238169,0,18,20,1,1,"$483,380 ",0,
0.396560555,0,24,16,1,1,"$150,614 ",0,
0.12687638,0,21,12,1,1,"$200,299 ",0,
0.220372144,0,23,4,1,1,"$123,159 ",0,
0.586450394,0,28,7,1,1,"$211,456 ",0,
0.852725727,0,29,3,1,1,"$161,636 ",0,
0.854063128,0,16,8,1,1,"$250,200 ",0,
0.430716617,0,24,8,1,1,"$116,350 ",0,
0.185993253,0,30,11,1,1,"$248,448 ",0,
0.201863003,0,19,13,1,1,"$245,857 ",0,
0.651115712,0,17,20,1,1,"$201,894 ",0,
0.064220288,0,28,9,1,1,"$333,470 ",0,
0.612531436,0,22,11,1,1,"$412,124 ",0,
0.55349943,0,23,13,1,1,"$473,331 ",0,
0.296825083,0,29,18,1,1,"$343,388 ",0,
0.498233565,0,30,6,1,1,"$468,970 ",0,
0.067849354,0,16,1,1,1,"$319,038 ",0,
0.817026991,0,26,7,1,1,"$482,144 ",0,
0.130033421,0,19,12,1,1,"$181,847 ",0,
0.940535139,0,30,14,1,1,"$173,489 ",0,
0.123359131,0,22,19,1,1,"$284,968 ",0,
0.365680261,0,29,17,1,1,"$322,213 ",0,
0.761501624,0,27,5,1,1,"$102,824 ",0,
0.635239109,0,26,8,1,1,"$416,135 ",0,
0.815575304,0,22,2,1,1,"$412,285 ",0,
0.671985487,0,17,6,1,1,"$340,740 ",0,
0.870590256,0,19,17,1,1,"$348,868 ",0,
0.26787369,0,27,17,1,1,"$460,895 ",0,
0.910812646,0,22,14,1,1,"$276,242 ",0,
0.136654908,0,27,1,1,1,"$464,932 ",0,
0.884384439,0,25,4,1,1,"$444,629 ",0,
0.630747447,0,23,18,1,1,"$308,294 ",0,
0.970003335,0,16,13,1,1,"$338,207 ",0,
0.547493335,0,30,4,1,1,"$101,890 ",0,
0.0145561,0,25,10,1,1,"$388,047 ",0,
0.546857236,0,17,3,1,1,"$150,720 ",0,
0.509170704,0,17,2,1,1,"$430,852 ",0,
0.245754816,0,30,16,1,1,"$339,634 ",0,
0.629284845,0,24,12,1,1,"$376,517 ",0,
0.226635779,0,15,2,1,1,"$349,340 ",0,
0.573459976,0,26,14,1,1,"$472,182 ",0,
0.193742002,0,27,20,1,1,"$228,772 ",0,
0.785466942,0,18,11,1,1,"$251,549 ",0,
0.63926858,0,17,8,1,1,"$335,457 ",0,
0.643768862,0,18,8,1,1,"$362,654 ",0,
0.719434629,0,19,18,1,1,"$376,547 ",0,
0.467329666,0,18,20,1,1,"$437,755 ",0,
0.309796042,0,17,7,1,1,"$276,730 ",0,
0.081836328,0,16,16,1,1,"$101,318 ",0,
0.661328412,0,24,20,1,1,"$362,718 ",0,
0.455548882,0,30,9,1,1,"$464,810 ",0,
0.816844882,0,26,17,1,1,"$307,202 ",0,
0.794081875,0,23,5,1,1,"$435,647 ",0,
0.048401844,0,16,14,1,1,"$409,590 ",0,
0.645716986,0,29,12,1,1,"$194,489 ",0,
0.277157316,0,27,20,1,1,"$284,879 ",0,
0.589414904,0,16,4,1,1,"$197,370 ",0,
0.499608382,0,25,12,1,1,"$346,580 ",0,
0.089786521,0,19,4,1,1,"$195,359 ",0,
0.729746006,0,28,1,1,1,"$451,352 ",0,
0.89895537,0,17,20,1,1,"$162,767 ",0,
0.422621541,0,24,19,1,1,"$479,578 ",0,
0.900752862,0,30,4,1,1,"$442,768 ",0,
0.376606251,0,16,19,1,1,"$298,372 ",0,
0.312930843,0,23,2,1,1,"$272,983 ",0,
0.135784728,0,22,19,1,1,"$189,110 ",0,
0.524161902,0,20,15,1,1,"$314,632 ",0,
0.831856253,0,25,17,1,1,"$344,585 ",0,
0.374321471,0,23,3,1,1,"$117,733 ",0,
0.114744737,0,30,9,1,1,"$398,348 ",0,
0.526355277,0,19,10,1,1,"$218,155 ",0,
0.805911999,0,26,17,1,1,"$315,461 ",0,
0.7743608,0,21,12,1,1,"$477,328 ",0,
0.00798749,0,30,12,1,1,"$428,826 ",0,
0.112298584,0,22,2,1,1,"$378,508 ",0,
0.091411857,0,26,16,1,1,"$252,095 ",0,
0.125961751,0,21,18,1,1,"$400,740 ",0,
0.668019577,0,26,16,1,1,"$144,328 ",0,
0.642868367,0,19,6,1,1,"$273,797 ",0,
0.138231165,0,23,19,1,1,"$403,346 ",0,
0.131048392,0,29,17,1,1,"$475,383 ",0,
0.441984789,0,25,20,1,1,"$432,181 ",0,
0.965608194,0,15,19,1,1,"$327,861 ",0,
0.860300738,0,29,17,1,1,"$186,643 ",0,
0.638293675,0,27,5,1,1,"$220,737 ",0,
0.817472652,0,24,11,1,1,"$151,194 ",0,
0.180581253,0,27,1,1,1,"$394,728 ",0,
0.98721985,0,30,12,1,1,"$490,034 ",0,
0.334237617,0,23,8,1,1,"$489,948 ",0,
0.014366347,0,23,6,1,1,"$126,745 ",0,
0.821793371,0,25,1,1,1,"$453,534 ",0,
0.321035928,0,15,1,1,1,"$440,490 ",0,
0.325892512,0,23,14,1,1,"$463,593 ",0,
0.217442938,0,25,19,1,1,"$320,949 ",0,
0.584476218,0,26,1,1,1,"$251,289 ",0,
0.232399217,0,23,4,1,1,"$213,737 ",0,
0.5657399,0,27,15,1,1,"$350,003 ",0,
0.02078194,0,28,18,1,1,"$347,937 ",0,
0.99366419,0,18,1,1,1,"$487,643 ",0,
0.443729844,0,29,14,1,1,"$168,532 ",0,
0.928304651,0,20,1,1,1,"$420,006 ",0,
0.728276614,0,26,7,1,1,"$237,067 ",0,
0.585055209,0,28,1,1,1,"$410,209 ",0,
0.144552426,0,22,4,1,1,"$419,089 ",0,
0.43411319,0,20,14,1,1,"$308,549 ",0,
0.837523756,0,17,14,1,1,"$210,234 ",0,
0.175490538,0,20,6,1,1,"$127,233 ",0,
0.2245833,0,28,13,1,1,"$325,364 ",0,
0.07929512,0,19,18,1,1,"$129,407 ",0,
0.382963099,0,23,2,1,1,"$277,002 ",0,
0.994039029,0,25,20,1,1,"$174,319 ",0,
0.629753289,0,21,6,1,1,"$307,676 ",0,
0.909476661,0,19,6,1,1,"$280,305 ",0,
0.42078941,0,29,13,1,1,"$212,965 ",0,
0.556422915,0,23,17,1,1,"$104,659 ",0,
0.647560414,0,23,20,1,1,"$335,311 ",0,
0.920612634,0,28,7,1,1,"$376,021 ",0,
0.369761992,0,28,12,1,1,"$331,714 ",0,
0.593996312,0,23,3,1,1,"$185,659 ",0,
0.84740996,0,15,14,1,1,"$451,916 ",0,
0.845265995,0,17,2,1,1,"$312,007 ",0,
0.160702079,0,18,18,1,1,"$451,879 ",0,
0.027748576,0,18,20,1,1,"$331,792 ",0,
0.290211811,0,28,15,1,1,"$240,918 ",0,
0.938969992,0,18,10,1,1,"$316,552 ",0,
0.69169934,0,25,13,1,1,"$187,403 ",0,
0.461485519,0,16,20,1,1,"$309,688 ",0,
0.760617275,0,24,2,1,1,"$405,963 ",0,
0.859519582,0,27,10,1,1,"$467,381 ",0,
0.045406838,0,18,4,1,1,"$421,000 ",0,
0.79712968,0,27,3,1,1,"$354,551 ",0,
0.334038613,0,30,1,1,1,"$430,760 ",0,
0.000994489,0,22,5,1,1,"$109,689 ",0,
0.938338568,0,17,2,1,1,"$296,123 ",0,
0.183620247,0,21,6,1,1,"$240,403 ",0,
0.836644088,0,19,14,1,1,"$109,883 ",0,
0.53706288,0,18,9,1,1,"$321,310 ",0,
0.533244011,0,19,16,1,1,"$452,279 ",0,
0.553592955,0,25,20,1,1,"$175,211 ",0,
0.596757804,0,26,7,1,1,"$422,692 ",0,
0.732415444,0,22,16,1,1,"$336,821 ",0,
0.269214737,0,28,6,1,1,"$378,934 ",0,
0.149964594,0,21,7,1,1,"$281,397 ",0,
0.398653687,0,20,19,1,1,"$105,077 ",0,
0.486928738,0,27,12,1,1,"$418,227 ",0,
0.095190682,0,28,14,1,1,"$180,749 ",0,
0.231968275,0,26,6,1,1,"$322,514 ",0,
0.795112989,0,27,15,1,1,"$202,485 ",0,
0.408867669,0,19,16,1,1,"$447,240 ",0,
0.312163312,0,26,11,1,1,"$166,386 ",0,
0.958965278,0,24,17,1,1,"$422,676 ",0,
0.533464688,0,25,12,1,1,"$132,941 ",0,
0.036998699,0,29,10,1,1,"$231,349 ",0,
0.297535205,0,23,6,1,1,"$266,425 ",0,
0.694999702,0,20,3,1,1,"$185,591 ",0,
0.076004395,0,30,9,1,1,"$411,031 ",0,
0.007513581,0,29,9,1,1,"$213,760 ",0,
0.486989142,0,17,15,1,1,"$395,521 ",0,
0.953398588,0,27,7,1,1,"$125,862 ",0,
0.594600598,0,25,12,1,1,"$299,926 ",0,
0.652297667,0,27,20,1,1,"$143,958 ",0,
0.312728807,0,17,17,1,1,"$251,159 ",0,
0.095589495,0,22,6,1,1,"$250,443 ",0,
0.678793331,0,21,1,1,1,"$114,340 ",0,
0.33210812,0,17,12,1,1,"$138,925 ",0,
0.892975457,0,22,2,1,1,"$278,457 ",0,
0.489832653,0,19,20,1,1,"$466,792 ",0,
0.814120638,0,25,13,1,1,"$111,272 ",0,
0.04115126,0,23,5,1,1,"$343,524 ",0,
0.925962992,0,20,16,1,1,"$453,771 ",0,
0.18032299,0,26,19,1,1,"$485,108 ",0,
0.327906594,0,24,10,1,1,"$343,822 ",0,
0.865260285,0,22,13,1,1,"$252,634 ",0,
0.87531499,0,20,19,1,1,"$156,556 ",0,
0.820921474,0,24,4,1,1,"$164,184 ",0,
0.235250192,0,20,15,1,1,"$100,396 ",0,
0.588919899,0,28,15,1,1,"$187,699 ",0,
0.366227786,0,19,17,1,1,"$418,265 ",0,
0.822127236,0,22,6,1,1,"$190,905 ",0,
0.289379102,0,15,17,1,1,"$182,161 ",0,
0.098652793,0,17,2,1,1,"$448,514 ",0,
0.710287689,0,21,10,1,1,"$199,346 ",0,
0.768023313,0,24,2,1,1,"$259,125 ",0,
0.90572169,0,18,1,1,1,"$346,011 ",0,
0.876781512,0,16,4,1,1,"$239,346 ",0,
0.563783212,0,27,4,1,1,"$417,500 ",0,
0.260419271,0,21,16,1,0,"$437,959 ",0,
0.27188349,0,29,17,1,0,"$300,735 ",0,
0.602327029,0,25,13,1,0,"$337,460 ",0,
0.873464806,0,24,8,1,0,"$292,377 ",0,
0.009653542,0,20,10,1,0,"$257,558 ",0,
0.752480187,0,22,19,1,0,"$150,878 ",0,
0.323884725,0,27,5,1,0,"$128,149 ",0,
0.343228376,0,25,5,1,0,"$175,823 ",0,
0.780112465,0,20,19,1,0,"$232,611 ",0,
0.190040458,0,30,2,1,0,"$324,656 ",0,
0.020025772,0,15,7,1,0,"$358,713 ",0,
0.411241763,0,19,20,1,0,"$239,950 ",0,
0.649396267,0,18,14,1,0,"$481,208 ",0,
0.065764691,0,25,5,1,0,"$396,206 ",0,
0.095024444,0,23,12,1,0,"$142,350 ",0,
0.490327934,0,23,16,1,0,"$211,259 ",0,
0.771403194,0,23,11,1,0,"$477,970 ",0,
0.41175797,0,16,2,1,0,"$139,820 ",0,
0.992689559,0,19,11,1,0,"$273,816 ",0,
0.515816182,0,22,18,1,0,"$165,573 ",0,
0.809227017,0,29,17,1,0,"$396,009 ",0,
0.140255737,0,17,19,1,0,"$252,190 ",0,
0.382436912,0,20,9,1,0,"$358,145 ",0,
0.901080516,0,22,7,1,0,"$418,126 ",0,
0.108963489,0,17,18,1,0,"$182,755 ",0,
0.128397631,0,25,13,1,0,"$425,708 ",0,
0.132030799,0,18,1,1,0,"$338,538 ",0,
0.081273539,0,29,9,1,0,"$424,428 ",0,
0.846027443,0,23,20,1,0,"$462,377 ",0,
0.107309254,0,27,18,1,0,"$397,149 ",0,
0.720422196,0,20,20,1,0,"$390,080 ",0,
0.440762927,0,25,6,1,0,"$204,729 ",0,
0.891995686,0,28,9,1,0,"$403,976 ",0,
0.340324718,0,28,19,1,0,"$415,454 ",0,
0.565531476,0,30,5,1,0,"$488,136 ",0,
0.099106199,0,21,10,1,0,"$340,236 ",0,
0.842537502,0,16,3,1,0,"$491,720 ",0,
0.619240028,0,24,10,1,0,"$275,121 ",0,
0.055508296,0,28,7,0,0,"$285,453 ",0,
0.472311692,0,21,7,0,0,"$206,449 ",0,
0.062618905,0,22,15,0,0,"$337,193 ",0,
0.797470194,0,16,13,0,0,"$136,112 ",0,
0.18917637,0,28,10,0,0,"$388,769 ",0,
0.861219154,0,18,3,0,0,"$121,451 ",0,
0.653711821,0,25,8,0,0,"$227,775 ",0,
0.400379001,0,15,6,0,0,"$371,794 ",0,
0.247874324,0,19,2,0,0,"$377,317 ",0,
0.024625452,0,21,8,0,0,"$230,331 ",0,
0.981533568,0,22,10,0,0,"$416,044 ",0,
0.574198667,0,23,2,0,0,"$148,204 ",0,
0.236347678,0,15,18,0,0,"$184,206 ",0,
0.559169696,0,22,3,0,0,"$433,265 ",0,
0.436771671,0,17,15,0,0,"$102,919 ",0,
0.393536225,0,18,13,0,0,"$269,758 ",0,
0.177020694,0,27,19,0,0,"$305,063 ",0,
0.528516752,0,15,7,0,0,"$302,784 ",0,
0.215318049,0,20,3,0,0,"$305,488 ",0,
0.148746867,0,26,18,0,0,"$228,132 ",0,
0.390289498,0,21,3,0,0,"$125,315 ",0,
0.599371979,0,26,9,0,0,"$426,260 ",0,
0.664474043,0,24,12,0,0,"$190,720 ",0,
0.30236381,0,17,20,0,0,"$414,586 ",0,
0.13901915,0,26,13,0,0,"$423,147 ",0,
0.299982617,0,30,12,0,0,"$218,803 ",0,
0.176035769,0,24,8,0,0,"$200,424 ",0,
0.151626656,0,21,18,0,0,"$178,057 ",0,
0.264133663,0,20,6,0,0,"$365,791 ",0,
0.123071065,0,26,20,0,0,"$272,282 ",0,
0.383279416,0,27,4,0,0,"$200,781 ",0,
0.436425926,0,28,14,0,0,"$251,904 ",0,
0.230939975,0,28,15,0,0,"$359,282 ",0,
0.790521935,0,20,5,0,0,"$292,411 ",0,
0.576494294,0,23,15,0,0,"$101,445 ",0,
0.578633659,0,24,3,0,0,"$232,789 ",0,
0.477243585,0,17,1,0,0,"$112,562 ",0,
0.871508678,0,16,16,0,0,"$466,726 ",0,
0.005689567,0,24,15,0,0,"$383,205 ",0,
0.329680494,0,19,18,0,0,"$494,494 ",0,
0.894090953,0,17,11,0,0,"$250,678 ",0,
0.996708411,0,16,13,0,0,"$120,532 ",0,
0.201047095,0,29,18,0,0,"$344,403 ",0,
0.670400292,0,16,5,0,0,"$491,156 ",0,
0.45330609,0,20,9,0,0,"$175,598 ",0,
0.114117455,0,19,8,0,0,"$294,655 ",0,
0.488173241,0,30,15,0,0,"$107,975 ",0,
0.045658535,0,22,8,0,0,"$276,481 ",0,
0.923221881,0,26,19,0,0,"$272,078 ",0,
0.36204861,0,28,9,0,0,"$157,000 ",0,
0.618514411,0,28,9,0,0,"$147,096 ",0,
0.557132502,0,29,20,0,0,"$239,147 ",0,
0.100214204,0,23,15,0,0,"$288,706 ",0,
0.213400689,0,16,18,0,0,"$492,701 ",0,
0.274525948,0,18,18,0,0,"$335,610 ",0,
0.320702957,0,28,12,0,0,"$387,002 ",0,
0.164987621,0,25,9,0,0,"$496,480 ",0,
0.691067437,0,21,13,0,0,"$207,152 ",0,
0.977970781,0,21,3,0,0,"$275,521 ",0,
0.494125803,0,25,2,0,0,"$314,542 ",0,
0.007052328,0,19,6,0,0,"$476,193 ",0,
0.615360727,0,16,5,0,0,"$398,862 ",0,
0.171226476,0,23,10,0,0,"$195,539 ",0,
0.721324214,0,22,5,0,0,"$161,691 ",0,
0.050402183,0,27,10,0,0,"$367,225 ",0,
0.025482748,0,17,11,0,0,"$278,028 ",0,
0.935549099,0,24,17,0,0,"$158,869 ",0,
0.841649299,0,23,10,0,0,"$213,522 ",0,
0.894489384,0,21,4,0,0,"$470,252 ",0,
0.831874234,0,29,19,0,0,"$309,204 ",0,
0.356548318,0,21,6,0,0,"$271,477 ",0,
0.336635376,0,18,2,0,0,"$109,445 ",0,
0.198505116,0,19,19,0,0,"$201,735 ",0,
0.368094167,0,23,6,0,0,"$245,345 ",1,8
0.466021439,0,16,9,0,0,"$462,520 ",1,-3
0.362433296,0,26,9,0,0,"$163,591 ",1,0
0.342946719,0,16,6,0,0,"$364,150 ",1,1
0.739224252,0,27,19,0,0,"$253,685 ",1,-2
0.38082114,0,30,7,0,0,"$399,405 ",1,-1
0.676388814,0,25,5,0,0,"$424,827 ",1,-3
0.446070738,0,24,15,0,0,"$390,282 ",1,-4
0.138573708,0,16,15,0,0,"$329,606 ",1,1
0.230957177,0,16,1,0,0,"$234,095 ",1,5
6.42E-05,0,28,16,0,0,"$308,084 ",1,0
0.441943096,0,25,7,0,0,"$103,836 ",1,4
0.985039684,0,21,9,0,0,"$367,659 ",1,0
0.444645787,0,29,17,0,0,"$463,634 ",1,3
0.125726622,0,15,16,0,0,"$112,504 ",1,10
0.972011774,0,17,7,0,0,"$325,047 ",1,-3
0.523960774,0,26,8,0,0,"$176,217 ",1,7
0.044033783,0,26,18,0,0,"$322,284 ",1,-4
0.474487672,0,17,20,0,0,"$338,769 ",1,-1
0.496633426,0,25,19,0,0,"$337,991 ",1,-3
0.375922861,0,24,16,0,0,"$353,653 ",1,-5
0.657248611,0,17,16,0,0,"$495,519 ",1,-2
0.645352515,0,17,2,0,0,"$176,616 ",1,0
